subjectID	picture	Task	event	eventcode	gazepoints	onset(ms)	duration(ms)	mean_x(px)	mean_y(px)	radius(px)	saccade_length(px)	saccade_angle(°)
01_subject	flowers.png	Visitor	fixation	0	11	200	167	951	493	6.58243	0	0
01_subject	flowers.png	Visitor	saccade	1	3	367	67	0	0	0	266.61	257.215
01_subject	flowers.png	Visitor	fixation	0	15	434	235	892	233	6.28084	0	0
01_subject	flowers.png	Visitor	saccade	1	2	669	50	0	0	0	392.734	176.497
01_subject	flowers.png	Visitor	fixation	0	20	719	319	500	257	6.9517	0	0
01_subject	flowers.png	Visitor	saccade	1	4	1038	83	0	0	0	233.034	232.147
01_subject	flowers.png	Visitor	fixation	0	21	1121	333	357	73	8.63878	0	0
01_subject	flowers.png	Visitor	saccade	1	5	1454	100	0	0	0	201.42	40.5705
01_subject	flowers.png	Visitor	fixation	0	7	1554	99	510	204	3.85747	0	0
01_subject	flowers.png	Visitor	saccade	1	5	1653	100	0	0	0	366.456	350.101
01_subject	flowers.png	Visitor	fixation	0	6	1753	83	871	141	3.32966	0	0
01_subject	flowers.png	Visitor	saccade	1	2	1836	50	0	0	0	53.2353	28.0092
01_subject	flowers.png	Visitor	fixation	0	27	1886	435	918	166	9.81359	0	0
01_subject	flowers.png	Visitor	saccade	1	3	2321	66	0	0	0	534.161	354.845
01_subject	flowers.png	Visitor	fixation	0	25	2387	403	1450	118	12.2088	0	0
01_subject	flowers.png	Visitor	saccade	1	3	2790	67	0	0	0	463.4	175.544
01_subject	flowers.png	Visitor	fixation	0	16	2857	252	988	154	13.2911	0	0
01_subject	flowers.png	Visitor	saccade	1	7	3109	135	0	0	0	459.064	164.329
01_subject	flowers.png	Visitor	fixation	0	12	3244	184	546	278	9.99257	0	0
01_subject	flowers.png	Visitor	saccade	1	6	3428	116	0	0	0	107.912	69.3818
01_subject	flowers.png	Visitor	fixation	0	14	3544	217	584	379	2.92292	0	0
01_subject	flowers.png	Visitor	saccade	1	2	3761	50	0	0	0	192.107	246.371
01_subject	flowers.png	Visitor	fixation	0	27	3811	434	507	203	15.0538	0	0
01_subject	flowers.png	Visitor	saccade	1	4	4245	83	0	0	0	696.646	20.1518
01_subject	flowers.png	Visitor	fixation	0	9	4328	134	1161	443	3.34372	0	0
01_subject	flowers.png	Visitor	saccade	1	4	4462	83	0	0	0	107.075	177.859
01_subject	flowers.png	Visitor	fixation	0	20	4545	315	1054	447	9.6087	0	0
01_subject	flowers.png	Visitor	saccade	1	3	4860	67	0	0	0	528.35	321.764
01_subject	flowers.png	Visitor	fixation	0	10	4927	149	1469	120	5.39798	0	0
01_subject	flowers.png	Visitor	saccade	1	0	5076	17	0	0	0	27.4591	190.492
01_subject	flowers.png	Visitor	fixation	0	52	5093	854	1442	115	8.91235	0	0
01_subject	flowers.png	Visitor	saccade	1	4	5947	84	0	0	0	503.587	136.287
01_subject	flowers.png	Visitor	fixation	0	52	6031	851	1078	463	11.5407	0	0
01_subject	flowers.png	Visitor	saccade	1	2	6882	51	0	0	0	323.668	326.212
01_subject	flowers.png	Visitor	fixation	0	11	6933	170	1347	283	6.19198	0	0
01_subject	flowers.png	Visitor	saccade	1	3	7103	68	0	0	0	190.379	301.686
01_subject	flowers.png	Visitor	fixation	0	30	7171	490	1447	121	7.76422	0	0
01_subject	flowers.png	Visitor	saccade	1	4	7661	84	0	0	0	485.709	139.258
01_subject	flowers.png	Visitor	fixation	0	8	7745	116	1079	438	6.23814	0	0
#	Fixation mean duration:312.0000000000											
#	Fixation mean area:86.2066679720											
#	Saccade mean time:74.7894736842											
#	Saccade mean length:322.7898501269											
#	Saccade mean angle:195.1957343407											
												
02_subject	flowers.png	Ages	fixation	0	6	0	84	1008	478	2.26159	0	0
02_subject	flowers.png	Ages	saccade	1	6	84	117	0	0	0	46.3897	172.569
02_subject	flowers.png	Ages	fixation	0	14	201	216	962	484	6.78978	0	0
02_subject	flowers.png	Ages	saccade	1	2	417	50	0	0	0	262.498	263.877
02_subject	flowers.png	Ages	fixation	0	17	467	266	934	223	5.76947	0	0
02_subject	flowers.png	Ages	saccade	1	1	733	33	0	0	0	429.298	177.864
02_subject	flowers.png	Ages	fixation	0	33	766	528	505	239	13.0838	0	0
02_subject	flowers.png	Ages	saccade	1	3	1294	66	0	0	0	414.934	352.104
02_subject	flowers.png	Ages	fixation	0	14	1360	216	916	182	7.18333	0	0
02_subject	flowers.png	Ages	saccade	1	2	1576	50	0	0	0	307.566	5.78474
02_subject	flowers.png	Ages	fixation	0	12	1626	183	1222	213	8.15173	0	0
02_subject	flowers.png	Ages	saccade	1	0	1809	17	0	0	0	37.0135	178.452
02_subject	flowers.png	Ages	fixation	0	9	1826	134	1185	214	11.4535	0	0
02_subject	flowers.png	Ages	saccade	1	1	1960	34	0	0	0	264.94	353.063
02_subject	flowers.png	Ages	fixation	0	18	1994	287	1448	182	13.854	0	0
02_subject	flowers.png	Ages	saccade	1	4	2281	84	0	0	0	1057.96	182.438
02_subject	flowers.png	Ages	fixation	0	10	2365	152	391	137	5.42666	0	0
02_subject	flowers.png	Ages	saccade	1	1	2517	33	0	0	0	45.2548	225
02_subject	flowers.png	Ages	fixation	0	39	2550	632	359	105	6.88363	0	0
02_subject	flowers.png	Ages	saccade	1	3	3182	67	0	0	0	548.482	2.40334
02_subject	flowers.png	Ages	fixation	0	8	3249	117	907	128	5.60421	0	0
02_subject	flowers.png	Ages	saccade	1	0	3366	17	0	0	0	50.0899	63.9465
02_subject	flowers.png	Ages	fixation	0	26	3383	422	929	173	13.1149	0	0
02_subject	flowers.png	Ages	saccade	1	3	3805	68	0	0	0	315.981	65.7061
02_subject	flowers.png	Ages	fixation	0	40	3873	657	1059	461	9.22514	0	0
02_subject	flowers.png	Ages	saccade	1	5	4530	99	0	0	0	223.913	74.7225
02_subject	flowers.png	Ages	fixation	0	15	4629	231	1118	677	7.20149	0	0
02_subject	flowers.png	Ages	saccade	1	3	4860	66	0	0	0	739.479	216.033
02_subject	flowers.png	Ages	fixation	0	24	4926	379	520	242	9.33297	0	0
02_subject	flowers.png	Ages	saccade	1	3	5305	67	0	0	0	411.151	354.137
02_subject	flowers.png	Ages	fixation	0	19	5372	301	929	200	6.26162	0	0
02_subject	flowers.png	Ages	saccade	1	8	5673	150	0	0	0	279.732	61.1444
02_subject	flowers.png	Ages	fixation	0	8	5823	117	1064	445	2.79512	0	0
02_subject	flowers.png	Ages	saccade	1	1	5940	34	0	0	0	4	90
02_subject	flowers.png	Ages	fixation	0	14	5974	217	1064	449	4.02351	0	0
02_subject	flowers.png	Ages	saccade	1	2	6191	50	0	0	0	468.207	322.812
02_subject	flowers.png	Ages	fixation	0	28	6241	450	1437	166	8.27255	0	0
02_subject	flowers.png	Ages	saccade	1	2	6691	50	0	0	0	262.498	173.877
02_subject	flowers.png	Ages	fixation	0	36	6741	585	1176	194	18.0315	0	0
02_subject	flowers.png	Ages	saccade	1	3	7326	67	0	0	0	707.086	179.109
02_subject	flowers.png	Ages	fixation	0	11	7393	168	469	205	6.59959	0	0
02_subject	flowers.png	Ages	saccade	1	4	7561	83	0	0	0	141.241	215.491
02_subject	flowers.png	Ages	fixation	0	15	7644	232	354	123	5.67558	0	0
#	Fixation mean duration:298.8181818182											
#	Fixation mean area:47.7147855972											
#	Saccade mean time:62.0000000000											
#	Saccade mean length:334.1766811231											
#	Saccade mean angle:177.6444106727											
												
03_subject	flowers.png	Clothes	fixation	0	8	201	117	1059	377	5.36557	0	0
03_subject	flowers.png	Clothes	saccade	1	4	318	84	0	0	0	203.194	331.165
03_subject	flowers.png	Clothes	fixation	0	8	402	117	1237	279	7.94253	0	0
03_subject	flowers.png	Clothes	saccade	1	6	519	117	0	0	0	234.955	168.212
03_subject	flowers.png	Clothes	fixation	0	6	636	83	1007	327	6.46192	0	0
03_subject	flowers.png	Clothes	saccade	1	3	719	67	0	0	0	384.96	346.939
03_subject	flowers.png	Clothes	fixation	0	16	786	250	1382	240	8.72087	0	0
03_subject	flowers.png	Clothes	saccade	1	4	1036	83	0	0	0	59.0762	326.041
03_subject	flowers.png	Clothes	fixation	0	20	1119	317	1431	207	6.10466	0	0
03_subject	flowers.png	Clothes	saccade	1	3	1436	67	0	0	0	518.453	138.284
03_subject	flowers.png	Clothes	fixation	0	16	1503	250	1044	552	7.92462	0	0
03_subject	flowers.png	Clothes	saccade	1	5	1753	100	0	0	0	728.313	201.422
03_subject	flowers.png	Clothes	fixation	0	10	1853	151	366	286	3.35384	0	0
03_subject	flowers.png	Clothes	saccade	1	1	2004	33	0	0	0	144.931	258.458
03_subject	flowers.png	Clothes	fixation	0	23	2037	368	337	144	12.8838	0	0
03_subject	flowers.png	Clothes	saccade	1	3	2405	66	0	0	0	207.022	89.1697
03_subject	flowers.png	Clothes	fixation	0	21	2471	334	340	351	12.7171	0	0
03_subject	flowers.png	Clothes	saccade	1	4	2805	83	0	0	0	155.795	29.1975
03_subject	flowers.png	Clothes	fixation	0	12	2888	184	476	427	7.06543	0	0
03_subject	flowers.png	Clothes	saccade	1	1	3072	33	0	0	0	131.548	84.7662
03_subject	flowers.png	Clothes	fixation	0	7	3105	101	488	558	5.42726	0	0
03_subject	flowers.png	Clothes	saccade	1	4	3206	84	0	0	0	390.032	343.005
03_subject	flowers.png	Clothes	fixation	0	25	3290	401	861	444	8.48217	0	0
03_subject	flowers.png	Clothes	saccade	1	1	3691	33	0	0	0	159.364	75.0918
03_subject	flowers.png	Clothes	fixation	0	9	3724	134	902	598	10.8831	0	0
03_subject	flowers.png	Clothes	saccade	1	2	3858	50	0	0	0	164.976	12.6042
03_subject	flowers.png	Clothes	fixation	0	18	3908	282	1063	634	5.08861	0	0
03_subject	flowers.png	Clothes	saccade	1	4	4190	83	0	0	0	544.317	186.329
03_subject	flowers.png	Clothes	fixation	0	14	4273	216	522	574	9.85419	0	0
03_subject	flowers.png	Clothes	saccade	1	3	4489	67	0	0	0	63.3246	195.573
03_subject	flowers.png	Clothes	fixation	0	12	4556	183	461	557	8.32579	0	0
03_subject	flowers.png	Clothes	saccade	1	2	4739	50	0	0	0	207.348	273.318
03_subject	flowers.png	Clothes	fixation	0	44	4789	720	473	350	8.84823	0	0
03_subject	flowers.png	Clothes	saccade	1	4	5509	84	0	0	0	548.753	349.182
03_subject	flowers.png	Clothes	fixation	0	7	5593	101	1012	247	3.2954	0	0
03_subject	flowers.png	Clothes	saccade	1	1	5694	34	0	0	0	393.368	357.523
03_subject	flowers.png	Clothes	fixation	0	37	5728	600	1405	230	12.9783	0	0
03_subject	flowers.png	Clothes	saccade	1	1	6328	33	0	0	0	38.2884	319.237
03_subject	flowers.png	Clothes	fixation	0	31	6361	501	1434	205	9.93718	0	0
03_subject	flowers.png	Clothes	saccade	1	3	6862	67	0	0	0	325.467	187.06
03_subject	flowers.png	Clothes	fixation	0	15	6929	234	1111	165	8.98971	0	0
03_subject	flowers.png	Clothes	saccade	1	3	7163	67	0	0	0	258.312	354.223
03_subject	flowers.png	Clothes	fixation	0	7	7230	101	1368	139	6.69287	0	0
03_subject	flowers.png	Clothes	saccade	1	4	7331	84	0	0	0	90.7579	18.6346
03_subject	flowers.png	Clothes	fixation	0	35	7415	566	1454	168	13.5654	0	0
#	Fixation mean duration:274.3913043478											
#	Fixation mean area:58.4168622719											
#	Saccade mean time:66.7727272727											
#	Saccade mean length:270.5707140380											
#	Saccade mean angle:211.1559978082											
												
04_subject	flowers.png	Visitor	fixation	0	24	0	384	963	549	5.21111	0	0
04_subject	flowers.png	Visitor	saccade	1	1	384	34	0	0	0	111.306	278.785
04_subject	flowers.png	Visitor	fixation	0	8	418	117	980	439	8.89206	0	0
04_subject	flowers.png	Visitor	saccade	1	9	535	167	0	0	0	149.576	251.686
04_subject	flowers.png	Visitor	fixation	0	18	702	283	933	297	4.5797	0	0
04_subject	flowers.png	Visitor	saccade	1	4	985	84	0	0	0	218.284	76.2184
04_subject	flowers.png	Visitor	fixation	0	11	1069	167	985	509	7.96454	0	0
04_subject	flowers.png	Visitor	saccade	1	4	1236	83	0	0	0	242.86	254.476
04_subject	flowers.png	Visitor	fixation	0	9	1319	133	920	275	6.68095	0	0
04_subject	flowers.png	Visitor	saccade	1	4	1452	84	0	0	0	347.714	168.722
04_subject	flowers.png	Visitor	fixation	0	13	1536	200	579	343	5.24898	0	0
04_subject	flowers.png	Visitor	saccade	1	3	1736	67	0	0	0	350.351	349.973
04_subject	flowers.png	Visitor	fixation	0	13	1803	200	924	282	6.42433	0	0
04_subject	flowers.png	Visitor	saccade	1	0	2003	17	0	0	0	27	270
04_subject	flowers.png	Visitor	fixation	0	8	2020	116	924	255	4.96838	0	0
04_subject	flowers.png	Visitor	saccade	1	2	2136	50	0	0	0	293.375	153.697
04_subject	flowers.png	Visitor	fixation	0	26	2186	418	661	385	11.4266	0	0
04_subject	flowers.png	Visitor	saccade	1	4	2604	83	0	0	0	269.072	348.857
04_subject	flowers.png	Visitor	fixation	0	7	2687	100	925	333	6.43098	0	0
04_subject	flowers.png	Visitor	saccade	1	0	2787	17	0	0	0	42.72	249.444
04_subject	flowers.png	Visitor	fixation	0	16	2804	251	910	293	12.5894	0	0
04_subject	flowers.png	Visitor	saccade	1	4	3055	84	0	0	0	436.898	183.675
04_subject	flowers.png	Visitor	fixation	0	12	3139	185	474	265	5.2036	0	0
04_subject	flowers.png	Visitor	saccade	1	6	3324	117	0	0	0	135.281	228.296
04_subject	flowers.png	Visitor	fixation	0	6	3441	84	384	164	1.91778	0	0
04_subject	flowers.png	Visitor	saccade	1	4	3525	84	0	0	0	188.43	41.5578
04_subject	flowers.png	Visitor	fixation	0	30	3609	482	525	289	15.359	0	0
04_subject	flowers.png	Visitor	saccade	1	3	4091	67	0	0	0	228.215	217.523
04_subject	flowers.png	Visitor	fixation	0	56	4158	918	344	150	11.6296	0	0
04_subject	flowers.png	Visitor	saccade	1	3	5076	67	0	0	0	594.544	7.83027
04_subject	flowers.png	Visitor	fixation	0	27	5143	433	933	231	18.7759	0	0
04_subject	flowers.png	Visitor	saccade	1	2	5576	50	0	0	0	243.019	151.22
04_subject	flowers.png	Visitor	fixation	0	10	5626	150	720	348	7.83572	0	0
04_subject	flowers.png	Visitor	saccade	1	4	5776	83	0	0	0	226.808	195.078
04_subject	flowers.png	Visitor	fixation	0	19	5859	300	501	289	9.39992	0	0
04_subject	flowers.png	Visitor	saccade	1	2	6159	201	0	0	0	36.2353	297.98
04_subject	flowers.png	Visitor	fixation	0	43	6360	705	518	257	11.3806	0	0
04_subject	flowers.png	Visitor	saccade	1	3	7065	68	0	0	0	178.474	62.2863
04_subject	flowers.png	Visitor	fixation	0	31	7133	514	601	415	8.75241	0	0
04_subject	flowers.png	Visitor	saccade	1	2	7647	50	0	0	0	438.463	352.794
04_subject	flowers.png	Visitor	fixation	0	9	7697	136	1036	360	6.31317	0	0
#	Fixation mean duration:298.8571428571											
#	Fixation mean area:73.7749301947											
#	Saccade mean time:77.8500000000											
#	Saccade mean length:237.9313307045											
#	Saccade mean angle:207.0049941241											
												
05_subject	flowers.png	Visitor	fixation	0	22	0	350	939	566	3.44658	0	0
05_subject	flowers.png	Visitor	saccade	1	1	350	34	0	0	0	222.144	272.064
05_subject	flowers.png	Visitor	fixation	0	8	384	117	947	344	8.30141	0	0
05_subject	flowers.png	Visitor	saccade	1	4	501	83	0	0	0	67.897	260.677
05_subject	flowers.png	Visitor	fixation	0	7	584	100	936	277	6.13695	0	0
05_subject	flowers.png	Visitor	saccade	1	2	684	50	0	0	0	398.102	178.705
05_subject	flowers.png	Visitor	fixation	0	20	734	317	538	286	7.4138	0	0
05_subject	flowers.png	Visitor	saccade	1	2	1051	50	0	0	0	233.35	225.347
05_subject	flowers.png	Visitor	fixation	0	19	1101	299	374	120	11.0653	0	0
05_subject	flowers.png	Visitor	saccade	1	15	1400	267	0	0	0	550.364	12.1675
05_subject	flowers.png	Visitor	fixation	0	8	1667	118	912	236	6.11507	0	0
05_subject	flowers.png	Visitor	saccade	1	3	1785	67	0	0	0	275.487	63.714
05_subject	flowers.png	Visitor	fixation	0	23	1852	370	1034	483	11.7235	0	0
05_subject	flowers.png	Visitor	saccade	1	4	2222	84	0	0	0	268.069	313.64
05_subject	flowers.png	Visitor	fixation	0	13	2306	201	1219	289	7.1437	0	0
05_subject	flowers.png	Visitor	saccade	1	2	2507	50	0	0	0	242.26	342.463
05_subject	flowers.png	Visitor	fixation	0	33	2557	530	1450	216	11.4017	0	0
05_subject	flowers.png	Visitor	saccade	1	1	3087	33	0	0	0	499.049	179.196
05_subject	flowers.png	Visitor	fixation	0	19	3120	300	951	223	12.6169	0	0
05_subject	flowers.png	Visitor	saccade	1	2	3420	50	0	0	0	411.962	172.047
05_subject	flowers.png	Visitor	fixation	0	25	3470	404	543	280	18.8037	0	0
05_subject	flowers.png	Visitor	saccade	1	4	3874	84	0	0	0	77.0065	89.256
05_subject	flowers.png	Visitor	fixation	0	10	3958	152	544	357	10.2944	0	0
05_subject	flowers.png	Visitor	saccade	1	3	4110	67	0	0	0	67.897	170.676
05_subject	flowers.png	Visitor	fixation	0	10	4177	152	477	368	4.77597	0	0
05_subject	flowers.png	Visitor	saccade	1	4	4329	84	0	0	0	565.223	12.8807
05_subject	flowers.png	Visitor	fixation	0	14	4413	219	1028	494	6.26818	0	0
05_subject	flowers.png	Visitor	saccade	1	19	4632	518	0	0	0	764.179	209.819
05_subject	flowers.png	Visitor	fixation	0	19	5150	297	365	114	7.64375	0	0
05_subject	flowers.png	Visitor	saccade	1	5	5447	116	0	0	0	568.705	7.37494
05_subject	flowers.png	Visitor	fixation	0	9	5563	132	929	187	8.53025	0	0
05_subject	flowers.png	Visitor	saccade	1	0	5695	17	0	0	0	43.1741	103.393
05_subject	flowers.png	Visitor	fixation	0	18	5712	283	919	229	12.0652	0	0
05_subject	flowers.png	Visitor	saccade	1	1	5995	33	0	0	0	270.978	4.869
05_subject	flowers.png	Visitor	fixation	0	19	6028	298	1189	252	5.20577	0	0
05_subject	flowers.png	Visitor	saccade	1	1	6326	34	0	0	0	266.327	114.159
05_subject	flowers.png	Visitor	fixation	0	39	6360	632	1080	495	13.3982	0	0
05_subject	flowers.png	Visitor	saccade	1	2	6992	51	0	0	0	68.6804	106.06
05_subject	flowers.png	Visitor	fixation	0	9	7043	133	1061	561	8.32931	0	0
05_subject	flowers.png	Visitor	saccade	1	3	7176	67	0	0	0	305.459	297.068
05_subject	flowers.png	Visitor	fixation	0	17	7243	269	1200	289	6.26244	0	0
05_subject	flowers.png	Visitor	saccade	1	2	7512	51	0	0	0	247.679	340.175
05_subject	flowers.png	Visitor	fixation	0	20	7563	321	1433	205	11.0116	0	0
#	Fixation mean duration:272.4545454545											
#	Fixation mean area:78.5050535760											
#	Saccade mean time:90.0000000000											
#	Saccade mean length:305.4281072339											
#	Saccade mean angle:165.5119696154											
												
6	flowers.png	Visitor	fixation	0	20	86	324	935	634	12.7382	0	0
6	flowers.png	Visitor	saccade	1	4	410	85	0	0	0	264.055	251.908
6	flowers.png	Visitor	fixation	0	20	495	321	853	383	12.9594	0	0
6	flowers.png	Visitor	saccade	1	2	816	51	0	0	0	388.568	183.098
6	flowers.png	Visitor	fixation	0	34	867	553	465	362	11.5791	0	0
6	flowers.png	Visitor	saccade	1	7	1420	134	0	0	0	150.073	222.299
6	flowers.png	Visitor	fixation	0	15	1554	232	354	261	9.60971	0	0
6	flowers.png	Visitor	saccade	1	1	1786	34	0	0	0	311.014	37.4226
6	flowers.png	Visitor	fixation	0	14	1820	215	601	450	8.18028	0	0
6	flowers.png	Visitor	saccade	1	4	2035	83	0	0	0	325.751	346.689
6	flowers.png	Visitor	fixation	0	20	2118	315	918	375	5.52245	0	0
6	flowers.png	Visitor	saccade	1	2	2433	50	0	0	0	215.87	50.2624
6	flowers.png	Visitor	fixation	0	33	2483	532	1056	541	14.5717	0	0
6	flowers.png	Visitor	saccade	1	2	3015	50	0	0	0	282.193	296.747
6	flowers.png	Visitor	fixation	0	9	3065	132	1183	289	4.24798	0	0
6	flowers.png	Visitor	saccade	1	0	3197	17	0	0	0	40.7922	168.69
6	flowers.png	Visitor	fixation	0	55	3214	899	1143	297	8.08724	0	0
6	flowers.png	Visitor	saccade	1	2	4113	166	0	0	0	233.009	180.492
6	flowers.png	Visitor	fixation	0	13	4279	202	910	295	2.57792	0	0
6	flowers.png	Visitor	saccade	1	1	4481	33	0	0	0	414.88	176.269
6	flowers.png	Visitor	fixation	0	23	4514	371	496	322	7.05672	0	0
6	flowers.png	Visitor	saccade	1	2	4885	51	0	0	0	167.215	210.552
6	flowers.png	Visitor	fixation	0	31	4936	503	352	237	18.6536	0	0
6	flowers.png	Visitor	saccade	1	2	5439	51	0	0	0	325.209	41.3848
6	flowers.png	Visitor	fixation	0	12	5490	352	596	452	25.424	0	0
6	flowers.png	Visitor	saccade	1	0	5842	17	0	0	0	21.1896	160.71
6	flowers.png	Visitor	fixation	0	8	5859	117	576	459	5.99796	0	0
6	flowers.png	Visitor	saccade	1	4	5976	83	0	0	0	221.923	218.781
6	flowers.png	Visitor	fixation	0	17	6059	266	403	320	8.61263	0	0
6	flowers.png	Visitor	saccade	1	2	6325	49	0	0	0	98.9545	14.0362
6	flowers.png	Visitor	fixation	0	24	6374	382	499	344	3.64932	0	0
6	flowers.png	Visitor	saccade	1	2	6756	50	0	0	0	426.019	359.462
6	flowers.png	Visitor	fixation	0	14	6806	216	925	340	2.94244	0	0
6	flowers.png	Visitor	saccade	1	2	7022	50	0	0	0	216.363	55.3551
6	flowers.png	Visitor	fixation	0	34	7072	550	1048	518	22.6264	0	0
6	flowers.png	Visitor	saccade	1	1	7622	34	0	0	0	219.966	316.29
6	flowers.png	Visitor	fixation	0	10	7656	151	1207	366	7.12683	0	0
#	Fixation mean duration:349.1052631579											
#	Fixation mean area:88.5137155461											
#	Saccade mean time:60.4444444444											
#	Saccade mean length:240.1692087842											
#	Saccade mean angle:182.8026941410											
												
7	flowers.png	Ages	fixation	0	13	0	198	944	515	3.10267	0	0
7	flowers.png	Ages	saccade	1	1	198	33	0	0	0	13.4164	243.435
7	flowers.png	Ages	fixation	0	13	231	198	938	503	7.86138	0	0
7	flowers.png	Ages	saccade	1	0	429	17	0	0	0	302.597	266.4
7	flowers.png	Ages	fixation	0	78	446	1297	919	201	15.4965	0	0
7	flowers.png	Ages	saccade	1	3	1743	68	0	0	0	429.262	177.998
7	flowers.png	Ages	fixation	0	29	1811	468	490	216	11.4922	0	0
7	flowers.png	Ages	saccade	1	3	2279	66	0	0	0	727.501	357.873
7	flowers.png	Ages	fixation	0	11	2345	163	1217	189	6.29113	0	0
7	flowers.png	Ages	saccade	1	3	2508	65	0	0	0	56.356	152.526
7	flowers.png	Ages	fixation	0	56	2573	912	1167	215	7.58405	0	0
7	flowers.png	Ages	saccade	1	6	3485	116	0	0	0	77.1622	3.71529
7	flowers.png	Ages	fixation	0	31	3601	501	1244	220	5.86125	0	0
7	flowers.png	Ages	saccade	1	3	4102	67	0	0	0	284.384	133.29
7	flowers.png	Ages	fixation	0	47	4169	768	1049	427	5.35016	0	0
7	flowers.png	Ages	saccade	1	4	4937	83	0	0	0	477.598	326.443
7	flowers.png	Ages	fixation	0	36	5020	585	1447	163	13.78	0	0
7	flowers.png	Ages	saccade	1	3	5605	67	0	0	0	996.098	180.805
7	flowers.png	Ages	fixation	0	9	5672	134	451	149	3.30718	0	0
7	flowers.png	Ages	saccade	1	4	5806	84	0	0	0	105.802	216.545
7	flowers.png	Ages	fixation	0	19	5890	301	366	86	10.5711	0	0
7	flowers.png	Ages	saccade	1	3	6191	67	0	0	0	805.99	23.7027
7	flowers.png	Ages	fixation	0	8	6258	117	1104	410	5.92002	0	0
7	flowers.png	Ages	saccade	1	3	6375	67	0	0	0	57.7235	165.964
7	flowers.png	Ages	fixation	0	37	6442	600	1048	424	4.02451	0	0
7	flowers.png	Ages	saccade	1	3	7042	68	0	0	0	452.994	320.195
7	flowers.png	Ages	fixation	0	8	7110	120	1396	134	2.06141	0	0
7	flowers.png	Ages	saccade	1	4	7230	86	0	0	0	45.5412	8.84182
7	flowers.png	Ages	fixation	0	23	7316	379	1441	141	5.13284	0	0
7	flowers.png	Ages	saccade	1	2	7695	52	0	0	0	528.342	177.939
7	flowers.png	Ages	fixation	0	11	7747	171	913	160	7.94914	0	0
#	Fixation mean duration:432.0000000000											
#	Fixation mean area:57.8239323094											
#	Saccade mean time:67.0666666667											
#	Saccade mean length:357.3845199664											
#	Saccade mean angle:183.7115081308											
												
8	flowers.png	Visitor	fixation	0	14	0	414	973	456	6.71605	0	0
8	flowers.png	Visitor	saccade	1	0	414	67	0	0	0	202.247	272.834
8	flowers.png	Visitor	fixation	0	3	481	82	983	254	1	0	0
8	flowers.png	Visitor	saccade	1	0	563	50	0	0	0	69.8928	236.083
8	flowers.png	Visitor	fixation	0	13	613	351	944	196	17.0187	0	0
8	flowers.png	Visitor	saccade	1	1	964	33	0	0	0	428.095	178.795
8	flowers.png	Visitor	fixation	0	27	997	1004	516	205	13.7456	0	0
8	flowers.png	Visitor	saccade	1	1	2001	67	0	0	0	108.171	103.908
8	flowers.png	Visitor	fixation	0	5	2068	183	490	310	9.68599	0	0
8	flowers.png	Visitor	saccade	1	2	2251	133	0	0	0	227.695	244.786
8	flowers.png	Visitor	fixation	0	14	2384	547	393	104	15.6682	0	0
8	flowers.png	Visitor	saccade	1	8	2931	267	0	0	0	814.794	6.83719
8	flowers.png	Visitor	fixation	0	28	3198	839	1202	201	15.184	0	0
8	flowers.png	Visitor	saccade	1	2	4037	117	0	0	0	374.21	109.839
8	flowers.png	Visitor	fixation	0	4	4154	151	1075	553	5.96275	0	0
8	flowers.png	Visitor	saccade	1	1	4305	50	0	0	0	63.0317	268.182
8	flowers.png	Visitor	fixation	0	3	4355	100	1073	490	1	0	0
8	flowers.png	Visitor	saccade	1	0	4455	84	0	0	0	305.555	252.87
8	flowers.png	Visitor	fixation	0	8	4539	167	983	198	4.7848	0	0
8	flowers.png	Visitor	saccade	1	1	4706	117	0	0	0	255.159	2.02137
8	flowers.png	Visitor	fixation	0	14	4823	429	1238	207	14.4342	0	0
8	flowers.png	Visitor	saccade	1	0	5252	66	0	0	0	217.23	357.362
8	flowers.png	Visitor	fixation	0	4	5318	131	1455	197	13.5123	0	0
8	flowers.png	Visitor	saccade	1	0	5449	16	0	0	0	25.9615	285.642
8	flowers.png	Visitor	fixation	0	4	5465	132	1462	172	2.13298	0	0
8	flowers.png	Visitor	saccade	1	2	5597	147	0	0	0	981.371	181.577
8	flowers.png	Visitor	fixation	0	6	5744	180	481	145	5.84952	0	0
8	flowers.png	Visitor	saccade	1	2	5924	148	0	0	0	96.4624	197.496
8	flowers.png	Visitor	fixation	0	9	6072	469	389	116	1.99263	0	0
8	flowers.png	Visitor	saccade	1	6	6541	368	0	0	0	178.718	31.7335
8	flowers.png	Visitor	fixation	0	20	6909	931	541	210	10.1508	0	0
#	Fixation mean duration:381.8750000000											
#	Fixation mean area:77.0019653026											
#	Saccade mean time:115.3333333333											
#	Saccade mean length:289.9062867652											
#	Saccade mean angle:181.9976680547											
												
9	flowers.png	Ages	fixation	0	14	0	217	942	563	22.7582	0	0
9	flowers.png	Ages	saccade	1	0	217	17	0	0	0	38.1182	274.514
9	flowers.png	Ages	fixation	0	11	234	168	945	525	7.05276	0	0
9	flowers.png	Ages	saccade	1	4	402	83	0	0	0	275.109	262.901
9	flowers.png	Ages	fixation	0	8	485	118	911	252	7.42893	0	0
9	flowers.png	Ages	saccade	1	1	603	33	0	0	0	357.405	177.274
9	flowers.png	Ages	fixation	0	13	636	201	554	269	13.9065	0	0
9	flowers.png	Ages	saccade	1	0	837	17	0	0	0	11.7047	250.017
9	flowers.png	Ages	fixation	0	10	854	151	550	258	13.2524	0	0
9	flowers.png	Ages	saccade	1	7	1005	135	0	0	0	402.99	354.304
9	flowers.png	Ages	fixation	0	8	1140	118	951	218	15.5747	0	0
9	flowers.png	Ages	saccade	1	0	1258	16	0	0	0	27.2029	216.027
9	flowers.png	Ages	fixation	0	17	1274	270	929	202	9.57948	0	0
9	flowers.png	Ages	saccade	1	1	1544	33	0	0	0	269.67	4.04021
9	flowers.png	Ages	fixation	0	34	1577	545	1198	221	36.7063	0	0
9	flowers.png	Ages	saccade	1	1	2122	33	0	0	0	263.949	121.522
9	flowers.png	Ages	fixation	0	40	2155	646	1060	446	21.6916	0	0
9	flowers.png	Ages	saccade	1	1	2801	34	0	0	0	460.99	329.207
9	flowers.png	Ages	fixation	0	58	2835	961	1456	210	14.295	0	0
9	flowers.png	Ages	saccade	1	2	3796	49	0	0	0	962.052	179.404
9	flowers.png	Ages	fixation	0	15	3845	232	494	220	14.1909	0	0
9	flowers.png	Ages	saccade	1	0	4077	17	0	0	0	114.809	217.569
9	flowers.png	Ages	fixation	0	30	4094	483	403	150	16.184	0	0
9	flowers.png	Ages	saccade	1	2	4577	50	0	0	0	163.683	26.8781
9	flowers.png	Ages	fixation	0	96	4627	1587	549	224	23.5883	0	0
9	flowers.png	Ages	saccade	1	0	6214	16	0	0	0	67.3573	108.166
9	flowers.png	Ages	fixation	0	25	6230	401	528	288	19.3679	0	0
9	flowers.png	Ages	saccade	1	1	6631	34	0	0	0	392.474	353.563
9	flowers.png	Ages	fixation	0	40	6665	644	918	244	24.3362	0	0
9	flowers.png	Ages	saccade	1	2	7309	50	0	0	0	238.372	63.865
9	flowers.png	Ages	fixation	0	32	7359	516	1023	458	27.2631	0	0
#	Fixation mean duration:453.6250000000											
#	Fixation mean area:461.8634759845											
#	Saccade mean time:41.1333333333											
#	Saccade mean length:269.7256645492											
#	Saccade mean angle:195.9501092838											
												
10	flowers.png	Ages	fixation	0	22	33	367	955	448	6.14779	0	0
10	flowers.png	Ages	saccade	1	3	400	67	0	0	0	261.017	269.342
10	flowers.png	Ages	fixation	0	7	467	100	952	187	3.57696	0	0
10	flowers.png	Ages	saccade	1	11	567	200	0	0	0	462.082	168.009
10	flowers.png	Ages	fixation	0	10	767	151	500	283	8.1386	0	0
10	flowers.png	Ages	saccade	1	0	918	17	0	0	0	30.6757	340.975
10	flowers.png	Ages	fixation	0	24	935	387	529	273	14.7705	0	0
10	flowers.png	Ages	saccade	1	3	1322	67	0	0	0	187.971	220.469
10	flowers.png	Ages	fixation	0	12	1389	185	386	151	4.91693	0	0
10	flowers.png	Ages	saccade	1	4	1574	84	0	0	0	648.13	1.1493
10	flowers.png	Ages	fixation	0	8	1658	116	1034	164	7.38808	0	0
10	flowers.png	Ages	saccade	1	4	1774	83	0	0	0	209.859	20.9395
10	flowers.png	Ages	fixation	0	16	1857	249	1230	239	4.18917	0	0
10	flowers.png	Ages	saccade	1	3	2106	67	0	0	0	260.415	126.254
10	flowers.png	Ages	fixation	0	23	2173	365	1076	449	6.27533	0	0
10	flowers.png	Ages	saccade	1	3	2538	67	0	0	0	469.972	329.998
10	flowers.png	Ages	fixation	0	9	2605	134	1483	214	3.55726	0	0
10	flowers.png	Ages	saccade	1	0	2739	17	0	0	0	36.6197	235.008
10	flowers.png	Ages	fixation	0	15	2756	235	1462	184	16.4533	0	0
10	flowers.png	Ages	saccade	1	14	2991	351	0	0	0	1086.2	182.691
10	flowers.png	Ages	fixation	0	21	3342	328	377	133	5.97222	0	0
10	flowers.png	Ages	saccade	1	3	3670	65	0	0	0	195.801	36.6943
10	flowers.png	Ages	fixation	0	16	3735	246	534	250	4.41125	0	0
10	flowers.png	Ages	saccade	1	12	3981	215	0	0	0	427.518	355.17
10	flowers.png	Ages	fixation	0	8	4196	119	960	214	5.42584	0	0
10	flowers.png	Ages	saccade	1	3	4315	67	0	0	0	460.734	176.765
10	flowers.png	Ages	fixation	0	9	4382	136	500	240	6.37961	0	0
10	flowers.png	Ages	saccade	1	0	4518	17	0	0	0	57.8705	18.1219
10	flowers.png	Ages	fixation	0	116	4535	1944	555	258	15.215	0	0
10	flowers.png	Ages	saccade	1	5	6479	101	0	0	0	663.634	357.496
10	flowers.png	Ages	fixation	0	57	6580	939	1218	229	14.3056	0	0
10	flowers.png	Ages	saccade	1	3	7519	66	0	0	0	201.02	129.55
10	flowers.png	Ages	fixation	0	9	7585	133	1090	384	5.66002	0	0
10	flowers.png	Ages	saccade	1	4	7718	83	0	0	0	211.603	306.545
10	flowers.png	Ages	fixation	0	6	7801	83	1216	214	4.05638	0	0
#	Fixation mean duration:345.3888888889											
#	Fixation mean area:74.6069926590											
#	Saccade mean time:96.1176470588											
#	Saccade mean length:345.3601264914											
#	Saccade mean angle:192.6574337068											
												
12	flowers.png	Visitor	fixation	0	16	66	250	947	515	5.76593	0	0
12	flowers.png	Visitor	saccade	1	1	316	33	0	0	0	232.484	266.301
12	flowers.png	Visitor	fixation	0	9	349	133	932	283	6.38359	0	0
12	flowers.png	Visitor	saccade	1	2	482	50	0	0	0	455.505	184.659
12	flowers.png	Visitor	fixation	0	18	532	284	478	246	3.89417	0	0
12	flowers.png	Visitor	saccade	1	1	816	33	0	0	0	174	223.603
12	flowers.png	Visitor	fixation	0	12	849	183	352	126	11.0205	0	0
12	flowers.png	Visitor	saccade	1	1	1032	33	0	0	0	296.279	32.4564
12	flowers.png	Visitor	fixation	0	9	1065	134	602	285	8.15917	0	0
12	flowers.png	Visitor	saccade	1	1	1199	33	0	0	0	309.302	340.745
12	flowers.png	Visitor	fixation	0	20	1232	317	894	183	7.03836	0	0
12	flowers.png	Visitor	saccade	1	7	1549	134	0	0	0	384.366	170.415
12	flowers.png	Visitor	fixation	0	31	1683	502	515	247	16.4084	0	0
12	flowers.png	Visitor	saccade	1	1	2185	34	0	0	0	415.03	354.331
12	flowers.png	Visitor	fixation	0	18	2219	284	928	206	14.9828	0	0
12	flowers.png	Visitor	saccade	1	0	2503	16	0	0	0	289.914	355.45
12	flowers.png	Visitor	fixation	0	11	2519	167	1217	183	9.81513	0	0
12	flowers.png	Visitor	saccade	1	1	2686	33	0	0	0	59.439	167.367
12	flowers.png	Visitor	fixation	0	13	2719	199	1159	196	12.8977	0	0
12	flowers.png	Visitor	saccade	1	1	2918	34	0	0	0	466.804	107.581
12	flowers.png	Visitor	fixation	0	12	2952	182	1018	641	3.19189	0	0
12	flowers.png	Visitor	saccade	1	2	3134	50	0	0	0	247.33	59.9103
12	flowers.png	Visitor	fixation	0	12	3184	184	1142	855	4.15213	0	0
12	flowers.png	Visitor	saccade	1	2	3368	50	0	0	0	368.978	254.759
12	flowers.png	Visitor	fixation	0	24	3418	384	1045	499	12.8888	0	0
12	flowers.png	Visitor	saccade	1	3	3802	67	0	0	0	673.06	206.755
12	flowers.png	Visitor	fixation	0	16	3869	250	444	196	7.22646	0	0
12	flowers.png	Visitor	saccade	1	0	4119	17	0	0	0	56.5685	45
12	flowers.png	Visitor	fixation	0	11	4136	165	484	236	10.6375	0	0
12	flowers.png	Visitor	saccade	1	2	4301	50	0	0	0	192.333	225
12	flowers.png	Visitor	fixation	0	12	4351	181	348	100	2.73684	0	0
12	flowers.png	Visitor	saccade	1	3	4532	67	0	0	0	579.411	7.83643
12	flowers.png	Visitor	fixation	0	31	4599	500	922	179	22.0322	0	0
12	flowers.png	Visitor	saccade	1	1	5099	34	0	0	0	527.213	358.37
12	flowers.png	Visitor	fixation	0	29	5133	474	1449	164	17.8847	0	0
12	flowers.png	Visitor	saccade	1	2	5607	51	0	0	0	916.677	175.621
12	flowers.png	Visitor	fixation	0	18	5658	284	535	234	13.9881	0	0
12	flowers.png	Visitor	saccade	1	3	5942	67	0	0	0	200.025	212.339
12	flowers.png	Visitor	fixation	0	7	6009	100	366	127	4.11208	0	0
12	flowers.png	Visitor	saccade	1	2	6109	51	0	0	0	293.084	47.7658
12	flowers.png	Visitor	fixation	0	10	6160	150	563	344	2.71079	0	0
12	flowers.png	Visitor	saccade	1	2	6310	168	0	0	0	427.907	339.193
12	flowers.png	Visitor	fixation	0	9	6478	134	963	192	9.57734	0	0
12	flowers.png	Visitor	saccade	1	0	6612	16	0	0	0	60.9016	150.489
12	flowers.png	Visitor	fixation	0	12	6628	183	910	222	13.7614	0	0
12	flowers.png	Visitor	saccade	1	1	6811	34	0	0	0	274.308	357.284
12	flowers.png	Visitor	fixation	0	13	6845	199	1184	209	9.22823	0	0
12	flowers.png	Visitor	saccade	1	1	7044	33	0	0	0	708.075	183.157
12	flowers.png	Visitor	fixation	0	10	7077	150	477	170	9.45978	0	0
12	flowers.png	Visitor	saccade	1	2	7227	49	0	0	0	123.329	198.435
12	flowers.png	Visitor	fixation	0	17	7276	267	360	131	10.8642	0	0
12	flowers.png	Visitor	saccade	1	0	7543	149	0	0	0	505.004	0.226913
12	flowers.png	Visitor	fixation	0	8	7692	115	865	133	9.89181	0	0
#	Fixation mean duration:235.3703703704											
#	Fixation mean area:99.6649014885											
#	Saccade mean time:53.3076923077											
#	Saccade mean length:355.2817944568											
#	Saccade mean angle:193.2711290332											
												
13	flowers.png	Visitor	fixation	0	23	0	370	969	538	4.05636	0	0
13	flowers.png	Visitor	saccade	1	2	370	50	0	0	0	204	270
13	flowers.png	Visitor	fixation	0	6	420	84	969	334	3.85342	0	0
13	flowers.png	Visitor	saccade	1	2	504	51	0	0	0	109.659	260.022
13	flowers.png	Visitor	fixation	0	12	555	184	950	226	6.75186	0	0
13	flowers.png	Visitor	saccade	1	5	739	100	0	0	0	350.443	171.962
13	flowers.png	Visitor	fixation	0	9	839	133	603	275	5.46568	0	0
13	flowers.png	Visitor	saccade	1	3	972	66	0	0	0	88.4816	214.409
13	flowers.png	Visitor	fixation	0	20	1038	315	530	225	9.29713	0	0
13	flowers.png	Visitor	saccade	1	2	1353	50	0	0	0	403.714	356.592
13	flowers.png	Visitor	fixation	0	32	1403	515	933	201	11.2573	0	0
13	flowers.png	Visitor	saccade	1	2	1918	50	0	0	0	267.172	5.36917
13	flowers.png	Visitor	fixation	0	16	1968	251	1199	226	3.98418	0	0
13	flowers.png	Visitor	saccade	1	1	2219	33	0	0	0	346.619	115.826
13	flowers.png	Visitor	fixation	0	11	2252	167	1048	538	3.89656	0	0
13	flowers.png	Visitor	saccade	1	0	2419	17	0	0	0	61.2046	274.686
13	flowers.png	Visitor	fixation	0	36	2436	584	1053	477	10.6052	0	0
13	flowers.png	Visitor	saccade	1	2	3020	50	0	0	0	277.51	301.743
13	flowers.png	Visitor	fixation	0	10	3070	150	1199	241	3.67517	0	0
13	flowers.png	Visitor	saccade	1	0	3220	17	0	0	0	18.9737	198.435
13	flowers.png	Visitor	fixation	0	14	3237	217	1181	235	9.1458	0	0
13	flowers.png	Visitor	saccade	1	3	3454	67	0	0	0	697.878	92.8747
13	flowers.png	Visitor	fixation	0	18	3521	284	1146	932	5.90117	0	0
13	flowers.png	Visitor	saccade	1	1	3805	34	0	0	0	111.158	188.276
13	flowers.png	Visitor	fixation	0	22	3839	351	1036	916	4.04825	0	0
13	flowers.png	Visitor	saccade	1	1	4190	33	0	0	0	69.2604	72.3499
13	flowers.png	Visitor	fixation	0	12	4223	184	1057	982	12.9148	0	0
13	flowers.png	Visitor	saccade	1	6	4407	117	0	0	0	177.553	350.273
13	flowers.png	Visitor	fixation	0	22	4524	350	1232	952	8.02188	0	0
13	flowers.png	Visitor	saccade	1	3	4874	66	0	0	0	113.6	189.628
13	flowers.png	Visitor	fixation	0	7	4940	101	1120	933	2.50059	0	0
13	flowers.png	Visitor	saccade	1	10	5041	183	0	0	0	841.088	291.043
13	flowers.png	Visitor	fixation	0	20	5224	316	1422	148	13.1309	0	0
13	flowers.png	Visitor	saccade	1	2	5540	50	0	0	0	455.897	141.949
13	flowers.png	Visitor	fixation	0	10	5590	149	1063	429	3.15257	0	0
13	flowers.png	Visitor	saccade	1	8	5739	150	0	0	0	606.219	198.764
13	flowers.png	Visitor	fixation	0	43	5889	702	489	234	4.41764	0	0
13	flowers.png	Visitor	saccade	1	3	6591	67	0	0	0	408.397	357.474
13	flowers.png	Visitor	fixation	0	23	6658	369	897	216	6.12032	0	0
13	flowers.png	Visitor	saccade	1	3	7027	67	0	0	0	522.475	189.03
13	flowers.png	Visitor	fixation	0	9	7094	135	381	134	9.1842	0	0
13	flowers.png	Visitor	saccade	1	0	7229	17	0	0	0	65.0692	226.245
13	flowers.png	Visitor	fixation	0	36	7246	597	336	87	13.666	0	0
#	Fixation mean duration:295.8181818182											
#	Fixation mean area:49.1929232335											
#	Saccade mean time:63.5714285714											
#	Saccade mean length:295.0652654124											
#	Saccade mean angle:212.7118995522											
												
14	flowers.png	Visitor	fixation	0	14	0	220	936	477	3.79695	0	0
14	flowers.png	Visitor	saccade	1	4	220	83	0	0	0	86.5563	49.6859
14	flowers.png	Visitor	fixation	0	7	303	100	992	543	5.26285	0	0
14	flowers.png	Visitor	saccade	1	2	403	49	0	0	0	316.863	251.794
14	flowers.png	Visitor	fixation	0	6	452	83	893	242	6.48584	0	0
14	flowers.png	Visitor	saccade	1	1	535	50	0	0	0	368.49	177.044
14	flowers.png	Visitor	fixation	0	24	585	380	525	261	6.70998	0	0
14	flowers.png	Visitor	saccade	1	2	965	50	0	0	0	120.266	86.186
14	flowers.png	Visitor	fixation	0	17	1015	266	533	381	6.49699	0	0
14	flowers.png	Visitor	saccade	1	2	1281	50	0	0	0	71.3092	194.621
14	flowers.png	Visitor	fixation	0	12	1331	183	464	363	12.2221	0	0
14	flowers.png	Visitor	saccade	1	2	1514	49	0	0	0	279.652	245.268
14	flowers.png	Visitor	fixation	0	11	1563	167	347	109	6.52503	0	0
14	flowers.png	Visitor	saccade	1	5	1730	99	0	0	0	898.453	9.15829
14	flowers.png	Visitor	fixation	0	8	1829	134	1234	252	8.32409	0	0
14	flowers.png	Visitor	saccade	1	2	1963	50	0	0	0	605.826	101.811
14	flowers.png	Visitor	fixation	0	15	2013	282	1110	845	4.7204	0	0
14	flowers.png	Visitor	saccade	1	4	2295	82	0	0	0	302.166	260.475
14	flowers.png	Visitor	fixation	0	8	2377	131	1060	547	7.06038	0	0
14	flowers.png	Visitor	saccade	1	1	2508	33	0	0	0	332.67	240.661
14	flowers.png	Visitor	fixation	0	9	2541	197	897	257	9.69154	0	0
14	flowers.png	Visitor	saccade	1	1	2738	33	0	0	0	341.321	174.958
14	flowers.png	Visitor	fixation	0	10	2771	162	557	287	10.8418	0	0
14	flowers.png	Visitor	saccade	1	0	2933	16	0	0	0	35.1283	184.899
14	flowers.png	Visitor	fixation	0	10	2949	145	522	284	13.3697	0	0
14	flowers.png	Visitor	saccade	1	3	3094	80	0	0	0	154.383	69.9218
14	flowers.png	Visitor	fixation	0	19	3174	304	575	429	7.52361	0	0
14	flowers.png	Visitor	saccade	1	2	3478	48	0	0	0	427.889	329.059
14	flowers.png	Visitor	fixation	0	28	3526	508	942	209	6.56264	0	0
14	flowers.png	Visitor	saccade	1	2	4034	67	0	0	0	464.004	0.246963
14	flowers.png	Visitor	fixation	0	18	4101	318	1406	211	4.40342	0	0
14	flowers.png	Visitor	saccade	1	3	4419	68	0	0	0	542.551	175.666
14	flowers.png	Visitor	fixation	0	19	4487	372	865	252	6.83957	0	0
14	flowers.png	Visitor	saccade	1	3	4859	67	0	0	0	595.265	352.374
14	flowers.png	Visitor	fixation	0	19	4926	304	1455	173	8.89955	0	0
14	flowers.png	Visitor	saccade	1	2	5230	67	0	0	0	1077.67	182.021
14	flowers.png	Visitor	fixation	0	32	5297	572	378	135	7.97866	0	0
14	flowers.png	Visitor	saccade	1	2	5869	50	0	0	0	425.018	18.0939
14	flowers.png	Visitor	fixation	0	10	5919	183	782	267	11.1288	0	0
14	flowers.png	Visitor	saccade	1	1	6102	34	0	0	0	373.909	34.5401
14	flowers.png	Visitor	fixation	0	33	6136	584	1090	479	23.2184	0	0
14	flowers.png	Visitor	saccade	1	3	6720	83	0	0	0	550.982	206.984
14	flowers.png	Visitor	fixation	0	7	6803	100	599	229	2.76994	0	0
14	flowers.png	Visitor	saccade	1	2	6903	50	0	0	0	102.24	176.074
14	flowers.png	Visitor	fixation	0	5	6953	100	497	236	7.18285	0	0
14	flowers.png	Visitor	saccade	1	3	7053	67	0	0	0	686.033	26.3036
14	flowers.png	Visitor	fixation	0	9	7120	149	1112	540	3.2418	0	0
14	flowers.png	Visitor	saccade	1	1	7269	50	0	0	0	59.0339	243.869
14	flowers.png	Visitor	fixation	0	11	7319	184	1086	487	12.361	0	0
14	flowers.png	Visitor	saccade	1	2	7503	66	0	0	0	303.679	242.76
14	flowers.png	Visitor	fixation	0	15	7569	279	947	217	7.0598	0	0
#	Fixation mean duration:246.4230769231											
#	Fixation mean area:58.0971965661											
#	Saccade mean time:57.6400000000											
#	Saccade mean length:380.8542790223											
#	Saccade mean angle:161.3789860449											
												
15	flowers.png	Clothes	fixation	0	8	0	115	938	585	4.02295	0	0
15	flowers.png	Clothes	saccade	1	4	115	83	0	0	0	168.44	240.086
15	flowers.png	Clothes	fixation	0	12	198	182	854	439	6.11366	0	0
15	flowers.png	Clothes	saccade	1	5	380	100	0	0	0	75.6042	217.476
15	flowers.png	Clothes	fixation	0	9	480	138	794	393	5.74564	0	0
15	flowers.png	Clothes	saccade	1	1	618	34	0	0	0	85.44	343.686
15	flowers.png	Clothes	fixation	0	27	652	447	876	369	8.48769	0	0
15	flowers.png	Clothes	saccade	1	2	1099	51	0	0	0	332.151	1.72526
15	flowers.png	Clothes	fixation	0	16	1150	256	1208	379	6.34861	0	0
15	flowers.png	Clothes	saccade	1	3	1406	66	0	0	0	138.622	46.1692
15	flowers.png	Clothes	fixation	0	38	1472	618	1304	479	8.50173	0	0
15	flowers.png	Clothes	saccade	1	3	2090	66	0	0	0	427.781	185.231
15	flowers.png	Clothes	fixation	0	13	2156	201	878	440	7.63207	0	0
15	flowers.png	Clothes	saccade	1	6	2357	117	0	0	0	439.396	175.431
15	flowers.png	Clothes	fixation	0	19	2474	302	440	475	6.8613	0	0
15	flowers.png	Clothes	saccade	1	3	2776	67	0	0	0	460.202	351.377
15	flowers.png	Clothes	fixation	0	14	2843	217	895	406	9.50619	0	0
15	flowers.png	Clothes	saccade	1	3	3060	67	0	0	0	451.956	174.668
15	flowers.png	Clothes	fixation	0	27	3127	435	445	448	5.41718	0	0
15	flowers.png	Clothes	saccade	1	1	3562	34	0	0	0	122.984	190.305
15	flowers.png	Clothes	fixation	0	30	3596	483	324	426	7.78437	0	0
15	flowers.png	Clothes	saccade	1	4	4079	83	0	0	0	969.618	356.689
15	flowers.png	Clothes	fixation	0	9	4162	133	1292	370	6.16003	0	0
15	flowers.png	Clothes	saccade	1	0	4295	17	0	0	0	52.3927	103.241
15	flowers.png	Clothes	fixation	0	15	4312	233	1280	421	15.1822	0	0
15	flowers.png	Clothes	saccade	1	3	4545	67	0	0	0	221.057	326.813
15	flowers.png	Clothes	fixation	0	19	4612	304	1465	300	2.79369	0	0
15	flowers.png	Clothes	saccade	1	1	4916	34	0	0	0	227.706	135.712
15	flowers.png	Clothes	fixation	0	19	4950	306	1302	459	6.44446	0	0
15	flowers.png	Clothes	saccade	1	1	5256	34	0	0	0	148.223	97.3648
15	flowers.png	Clothes	fixation	0	24	5290	385	1283	606	9.64562	0	0
15	flowers.png	Clothes	saccade	1	2	5675	50	0	0	0	530.323	190.759
15	flowers.png	Clothes	fixation	0	9	5725	132	762	507	7.63774	0	0
15	flowers.png	Clothes	saccade	1	2	5857	50	0	0	0	289.028	180.793
15	flowers.png	Clothes	fixation	0	22	5907	347	473	503	2.41765	0	0
15	flowers.png	Clothes	saccade	1	1	6254	34	0	0	0	69.2892	249.734
15	flowers.png	Clothes	fixation	0	33	6288	531	449	438	9.52312	0	0
15	flowers.png	Clothes	saccade	1	1	6819	34	0	0	0	448.874	356.424
15	flowers.png	Clothes	fixation	0	21	6853	332	897	410	9.50116	0	0
15	flowers.png	Clothes	saccade	1	0	7185	17	0	0	0	23	180
15	flowers.png	Clothes	fixation	0	18	7202	283	874	410	10.5498	0	0
15	flowers.png	Clothes	saccade	1	1	7485	34	0	0	0	311.174	355.022
15	flowers.png	Clothes	fixation	0	10	7519	150	1184	383	12.8551	0	0
15	flowers.png	Clothes	saccade	1	2	7669	50	0	0	0	227.167	137.319
15	flowers.png	Clothes	fixation	0	11	7719	167	1017	537	4.06958	0	0
#	Fixation mean duration:291.1739130435											
#	Fixation mean area:46.6478840761											
#	Saccade mean time:54.0454545455											
#	Saccade mean length:282.7466768381											
#	Saccade mean angle:208.9103153609											
												
16	flowers.png	Clothes	fixation	0	24	33	382	944	548	6.8084	0	0
16	flowers.png	Clothes	saccade	1	6	415	116	0	0	0	309.48	258.254
16	flowers.png	Clothes	fixation	0	6	531	83	881	245	5.74937	0	0
16	flowers.png	Clothes	saccade	1	1	614	33	0	0	0	393.509	177.087
16	flowers.png	Clothes	fixation	0	31	647	498	488	265	8.24354	0	0
16	flowers.png	Clothes	saccade	1	4	1145	83	0	0	0	591.068	15.7057
16	flowers.png	Clothes	fixation	0	12	1228	183	1057	425	5.63886	0	0
16	flowers.png	Clothes	saccade	1	2	1411	50	0	0	0	551.794	194.59
16	flowers.png	Clothes	fixation	0	13	1461	200	523	286	4.71873	0	0
16	flowers.png	Clothes	saccade	1	1	1661	33	0	0	0	73.2393	124.992
16	flowers.png	Clothes	fixation	0	11	1694	167	481	346	16.8961	0	0
16	flowers.png	Clothes	saccade	1	1	1861	33	0	0	0	181.665	99.8253
16	flowers.png	Clothes	fixation	0	13	1894	201	450	525	12.1718	0	0
16	flowers.png	Clothes	saccade	1	0	2095	17	0	0	0	319.263	260.626
16	flowers.png	Clothes	fixation	0	16	2112	251	398	210	18.0747	0	0
16	flowers.png	Clothes	saccade	1	3	2363	67	0	0	0	100.464	22.225
16	flowers.png	Clothes	fixation	0	9	2430	134	491	248	14.8345	0	0
16	flowers.png	Clothes	saccade	1	1	2564	33	0	0	0	385.689	9.85308
16	flowers.png	Clothes	fixation	0	16	2597	251	871	314	15.4661	0	0
16	flowers.png	Clothes	saccade	1	1	2848	33	0	0	0	242.074	88.5798
16	flowers.png	Clothes	fixation	0	18	2881	284	877	556	2.38841	0	0
16	flowers.png	Clothes	saccade	1	2	3165	50	0	0	0	156.285	314.222
16	flowers.png	Clothes	fixation	0	10	3215	150	986	444	11.6515	0	0
16	flowers.png	Clothes	saccade	1	2	3365	50	0	0	0	68.6003	36.7029
16	flowers.png	Clothes	fixation	0	14	3415	217	1041	485	11.0377	0	0
16	flowers.png	Clothes	saccade	1	1	3632	33	0	0	0	74.6324	72.0506
16	flowers.png	Clothes	fixation	0	21	3665	334	1064	556	12.2593	0	0
16	flowers.png	Clothes	saccade	1	2	3999	50	0	0	0	323.904	313.999
16	flowers.png	Clothes	fixation	0	13	4049	200	1289	323	10.3968	0	0
16	flowers.png	Clothes	saccade	1	4	4249	83	0	0	0	199.482	320.084
16	flowers.png	Clothes	fixation	0	11	4332	167	1442	195	8.15876	0	0
16	flowers.png	Clothes	saccade	1	1	4499	34	0	0	0	198.217	105.509
16	flowers.png	Clothes	fixation	0	11	4533	167	1389	386	15.4252	0	0
16	flowers.png	Clothes	saccade	1	1	4700	33	0	0	0	182.727	291.51
16	flowers.png	Clothes	fixation	0	37	4733	604	1456	216	16.8989	0	0
16	flowers.png	Clothes	saccade	1	1	5337	33	0	0	0	204.189	173.815
16	flowers.png	Clothes	fixation	0	17	5370	269	1253	238	5.03813	0	0
16	flowers.png	Clothes	saccade	1	3	5639	66	0	0	0	780.026	177.061
16	flowers.png	Clothes	fixation	0	50	5705	817	474	278	8.12828	0	0
16	flowers.png	Clothes	saccade	1	4	6522	83	0	0	0	633.621	350.003
16	flowers.png	Clothes	fixation	0	10	6605	150	1098	168	6.72137	0	0
16	flowers.png	Clothes	saccade	1	1	6755	33	0	0	0	152.319	7.54493
16	flowers.png	Clothes	fixation	0	8	6788	117	1249	188	8.46464	0	0
16	flowers.png	Clothes	saccade	1	0	6905	17	0	0	0	166.883	351.384
16	flowers.png	Clothes	fixation	0	11	6922	166	1414	163	14.1867	0	0
16	flowers.png	Clothes	saccade	1	1	7088	33	0	0	0	449.049	139.606
16	flowers.png	Clothes	fixation	0	30	7121	481	1072	454	8.40294	0	0
16	flowers.png	Clothes	saccade	1	2	7602	50	0	0	0	217.117	238.946
16	flowers.png	Clothes	fixation	0	14	7652	216	960	268	9.14042	0	0
#	Fixation mean duration:267.5600000000											
#	Fixation mean area:79.0275925394											
#	Saccade mean time:47.7500000000											
#	Saccade mean length:289.8040550347											
#	Saccade mean angle:172.6740439621											
												
17	flowers.png	Clothes	fixation	0	41	117	684	846	461	9.45226	0	0
17	flowers.png	Clothes	saccade	1	3	801	67	0	0	0	223.222	282.418
17	flowers.png	Clothes	fixation	0	12	868	183	894	243	12.6737	0	0
17	flowers.png	Clothes	saccade	1	3	1051	67	0	0	0	346.914	162.035
17	flowers.png	Clothes	fixation	0	14	1118	216	564	350	3.79933	0	0
17	flowers.png	Clothes	saccade	1	2	1334	50	0	0	0	80.05	167.005
17	flowers.png	Clothes	fixation	0	24	1384	380	486	368	9.68167	0	0
17	flowers.png	Clothes	saccade	1	5	1764	99	0	0	0	108.853	156.732
17	flowers.png	Clothes	fixation	0	12	1863	182	386	411	7.82321	0	0
17	flowers.png	Clothes	saccade	1	8	2045	149	0	0	0	777.03	2.95078
17	flowers.png	Clothes	fixation	0	10	2194	151	1162	451	2.95675	0	0
17	flowers.png	Clothes	saccade	1	0	2345	17	0	0	0	83.8153	342.646
17	flowers.png	Clothes	fixation	0	10	2362	152	1242	426	8.78396	0	0
17	flowers.png	Clothes	saccade	1	1	2514	34	0	0	0	227.903	312.511
17	flowers.png	Clothes	fixation	0	12	2548	186	1396	258	4.65888	0	0
17	flowers.png	Clothes	saccade	1	0	2734	17	0	0	0	46.669	315
17	flowers.png	Clothes	fixation	0	17	2751	272	1429	225	14.2075	0	0
17	flowers.png	Clothes	saccade	1	2	3023	50	0	0	0	539.545	157.094
17	flowers.png	Clothes	fixation	0	23	3073	613	932	435	33.6495	0	0
17	flowers.png	Clothes	saccade	1	1	3686	33	0	0	0	35.3553	81.8699
17	flowers.png	Clothes	fixation	0	10	3719	149	937	470	9.13356	0	0
17	flowers.png	Clothes	saccade	1	22	3868	383	0	0	0	507.222	181.695
17	flowers.png	Clothes	fixation	0	10	4251	151	430	455	4.6134	0	0
17	flowers.png	Clothes	saccade	1	3	4402	68	0	0	0	119.921	245.358
17	flowers.png	Clothes	fixation	0	24	4470	385	380	346	9.84415	0	0
17	flowers.png	Clothes	saccade	1	3	4855	67	0	0	0	699.354	9.38151
17	flowers.png	Clothes	fixation	0	22	4922	352	1070	460	13.2804	0	0
17	flowers.png	Clothes	saccade	1	2	5274	50	0	0	0	330.103	244.522
17	flowers.png	Clothes	fixation	0	16	5324	251	928	162	4.01106	0	0
17	flowers.png	Clothes	saccade	1	3	5575	67	0	0	0	417.919	5.49233
17	flowers.png	Clothes	fixation	0	20	5642	317	1344	202	14.7838	0	0
17	flowers.png	Clothes	saccade	1	3	5959	67	0	0	0	924.001	177.333
17	flowers.png	Clothes	fixation	0	14	6026	216	421	245	7.19801	0	0
17	flowers.png	Clothes	saccade	1	9	6242	167	0	0	0	688.378	13.2691
17	flowers.png	Clothes	fixation	0	7	6409	99	1091	403	4.63838	0	0
17	flowers.png	Clothes	saccade	1	2	6508	50	0	0	0	174.828	5.58016
17	flowers.png	Clothes	fixation	0	8	6558	117	1265	420	5.87228	0	0
17	flowers.png	Clothes	saccade	1	2	6675	50	0	0	0	240.26	318.881
17	flowers.png	Clothes	fixation	0	23	6725	367	1446	262	15.845	0	0
17	flowers.png	Clothes	saccade	1	3	7092	66	0	0	0	955.869	171.76
17	flowers.png	Clothes	fixation	0	20	7158	316	500	399	5.915	0	0
17	flowers.png	Clothes	saccade	1	3	7474	66	0	0	0	597.369	8.37426
17	flowers.png	Clothes	fixation	0	12	7540	183	1091	486	3.52562	0	0
17	flowers.png	Clothes	saccade	1	4	7723	82	0	0	0	373.751	335.835
17	flowers.png	Clothes	fixation	0	6	7805	83	1432	333	2.2567	0	0
17	flowers.png	Clothes	saccade	1	0	7888	17	0	0	0	56.6039	302.005
17	flowers.png	Clothes	fixation	0	23	7905	366	1462	285	12.3881	0	0
#	Fixation mean duration:265.4583333333											
#	Fixation mean area:133.8772453591											
#	Saccade mean time:77.5217391304											
#	Saccade mean length:371.9537437824											
#	Saccade mean angle:173.9021463276											
												
18	flowers.png	Visitor	fixation	0	24	0	384	967	538	3.59519	0	0
18	flowers.png	Visitor	saccade	1	3	384	66	0	0	0	263.03	269.129
18	flowers.png	Visitor	fixation	0	6	450	84	963	275	4.1079	0	0
18	flowers.png	Visitor	saccade	1	2	534	50	0	0	0	52.4976	229.636
18	flowers.png	Visitor	fixation	0	6	584	83	929	235	6.58994	0	0
18	flowers.png	Visitor	saccade	1	5	667	217	0	0	0	354.302	160.031
18	flowers.png	Visitor	fixation	0	7	884	100	596	356	2.21716	0	0
18	flowers.png	Visitor	saccade	1	4	984	83	0	0	0	483.994	3.67233
18	flowers.png	Visitor	fixation	0	9	1067	134	1079	387	7.95787	0	0
18	flowers.png	Visitor	saccade	1	2	1201	50	0	0	0	84.1724	113.824
18	flowers.png	Visitor	fixation	0	20	1251	449	1045	464	13.9947	0	0
18	flowers.png	Visitor	saccade	1	4	1700	83	0	0	0	296.816	302.619
18	flowers.png	Visitor	fixation	0	12	1783	183	1205	214	5.86972	0	0
18	flowers.png	Visitor	saccade	1	1	1966	33	0	0	0	172.54	172.34
18	flowers.png	Visitor	fixation	0	7	1999	100	1034	237	11.2927	0	0
18	flowers.png	Visitor	saccade	1	9	2099	166	0	0	0	536.42	175.831
18	flowers.png	Visitor	fixation	0	23	2265	368	499	276	16.9414	0	0
18	flowers.png	Visitor	saccade	1	2	2633	50	0	0	0	158.028	29.1603
18	flowers.png	Visitor	fixation	0	14	2683	219	637	353	11.4239	0	0
18	flowers.png	Visitor	saccade	1	3	2902	67	0	0	0	99.0051	156.801
18	flowers.png	Visitor	fixation	0	9	2969	134	546	392	12.0276	0	0
18	flowers.png	Visitor	saccade	1	2	3103	50	0	0	0	120.037	181.432
18	flowers.png	Visitor	fixation	0	16	3153	251	426	389	8.00991	0	0
18	flowers.png	Visitor	saccade	1	3	3404	66	0	0	0	122.385	22.5839
18	flowers.png	Visitor	fixation	0	6	3470	84	539	436	9.04056	0	0
18	flowers.png	Visitor	saccade	1	3	3554	66	0	0	0	547.015	106.679
18	flowers.png	Visitor	fixation	0	10	3620	150	382	960	7.69795	0	0
18	flowers.png	Visitor	saccade	1	4	3770	84	0	0	0	724.92	354.856
18	flowers.png	Visitor	fixation	0	38	3854	622	1104	895	24.4464	0	0
18	flowers.png	Visitor	saccade	1	2	4476	51	0	0	0	61.5224	172.529
18	flowers.png	Visitor	fixation	0	7	4527	101	1043	903	10.3845	0	0
18	flowers.png	Visitor	saccade	1	0	4628	17	0	0	0	37.3363	262.304
18	flowers.png	Visitor	fixation	0	8	4645	118	1038	866	5.96909	0	0
18	flowers.png	Visitor	saccade	1	3	4763	84	0	0	0	737.475	296.148
18	flowers.png	Visitor	fixation	0	11	4847	166	1363	204	9.77201	0	0
18	flowers.png	Visitor	saccade	1	2	5013	50	0	0	0	223.517	173.32
18	flowers.png	Visitor	fixation	0	8	5063	115	1141	230	12.8106	0	0
18	flowers.png	Visitor	saccade	1	1	5178	33	0	0	0	209.612	175.622
18	flowers.png	Visitor	fixation	0	22	5211	346	932	246	8.03664	0	0
18	flowers.png	Visitor	saccade	1	1	5557	33	0	0	0	413.426	160.206
18	flowers.png	Visitor	fixation	0	17	5590	266	543	386	5.98636	0	0
18	flowers.png	Visitor	saccade	1	3	5856	67	0	0	0	842.912	41.6336
18	flowers.png	Visitor	fixation	0	14	5923	219	1173	946	12.3138	0	0
18	flowers.png	Visitor	saccade	1	2	6142	50	0	0	0	110.653	173.774
18	flowers.png	Visitor	fixation	0	8	6192	118	1063	958	3.85799	0	0
18	flowers.png	Visitor	saccade	1	3	6310	67	0	0	0	501.004	269.771
18	flowers.png	Visitor	fixation	0	20	6377	318	1061	457	12.6897	0	0
18	flowers.png	Visitor	saccade	1	3	6695	67	0	0	0	475.202	323.299
18	flowers.png	Visitor	fixation	0	13	6762	200	1442	173	19.3045	0	0
18	flowers.png	Visitor	saccade	1	0	6962	16	0	0	0	19.0263	266.987
18	flowers.png	Visitor	fixation	0	19	6978	300	1441	154	7.51485	0	0
18	flowers.png	Visitor	saccade	1	2	7278	50	0	0	0	472.607	140.753
18	flowers.png	Visitor	fixation	0	23	7328	367	1075	453	9.79763	0	0
18	flowers.png	Visitor	saccade	1	4	7695	84	0	0	0	91.526	33.8637
18	flowers.png	Visitor	fixation	0	7	7779	100	1151	504	9.15925	0	0
#	Fixation mean duration:217.1071428571											
#	Fixation mean area:114.3328132967											
#	Saccade mean time:66.6666666667											
#	Saccade mean length:304.1103687021											
#	Saccade mean angle:176.6224538706											
												
19	flowers.png	Clothes	fixation	0	28	0	453	913	547	21.1442	0	0
19	flowers.png	Clothes	saccade	1	1	453	34	0	0	0	291.163	264.877
19	flowers.png	Clothes	fixation	0	14	487	215	887	257	11.1441	0	0
19	flowers.png	Clothes	saccade	1	17	702	299	0	0	0	405.691	185.233
19	flowers.png	Clothes	fixation	0	22	1001	349	483	220	13.6035	0	0
19	flowers.png	Clothes	saccade	1	1	1350	32	0	0	0	595.134	24.6272
19	flowers.png	Clothes	fixation	0	12	1382	181	1024	468	10.3281	0	0
19	flowers.png	Clothes	saccade	1	0	1563	16	0	0	0	29.9666	334.29
19	flowers.png	Clothes	fixation	0	12	1579	180	1051	455	12.3551	0	0
19	flowers.png	Clothes	saccade	1	3	1759	66	0	0	0	266.7	301.664
19	flowers.png	Clothes	fixation	0	12	1825	181	1191	228	6.95521	0	0
19	flowers.png	Clothes	saccade	1	0	2006	16	0	0	0	39.4462	149.535
19	flowers.png	Clothes	fixation	0	15	2022	236	1157	248	14.1724	0	0
19	flowers.png	Clothes	saccade	1	2	2258	51	0	0	0	742.428	175.365
19	flowers.png	Clothes	fixation	0	49	2309	809	417	308	15.6592	0	0
19	flowers.png	Clothes	saccade	1	5	3118	101	0	0	0	905.787	4.49574
19	flowers.png	Clothes	fixation	0	19	3219	300	1320	379	10.7456	0	0
19	flowers.png	Clothes	saccade	1	0	3519	17	0	0	0	118.533	62.354
19	flowers.png	Clothes	fixation	0	12	3536	184	1375	484	25.3927	0	0
19	flowers.png	Clothes	saccade	1	1	3720	34	0	0	0	249.658	168.915
19	flowers.png	Clothes	fixation	0	13	3754	201	1130	532	11.822	0	0
19	flowers.png	Clothes	saccade	1	1	3955	34	0	0	0	108.227	215.599
19	flowers.png	Clothes	fixation	0	10	3989	151	1042	469	12.6234	0	0
19	flowers.png	Clothes	saccade	1	3	4140	67	0	0	0	512.55	326.62
19	flowers.png	Clothes	fixation	0	47	4207	768	1470	187	10.5024	0	0
19	flowers.png	Clothes	saccade	1	2	4975	49	0	0	0	423.468	157.068
19	flowers.png	Clothes	fixation	0	9	5024	133	1080	352	11.425	0	0
19	flowers.png	Clothes	saccade	1	1	5157	34	0	0	0	88.3912	111.922
19	flowers.png	Clothes	fixation	0	14	5191	216	1047	434	22.3244	0	0
19	flowers.png	Clothes	saccade	1	3	5407	67	0	0	0	179.836	234.277
19	flowers.png	Clothes	fixation	0	14	5474	216	942	288	6.39838	0	0
19	flowers.png	Clothes	saccade	1	1	5690	34	0	0	0	421.019	179.456
19	flowers.png	Clothes	fixation	0	15	5724	233	521	292	9.17633	0	0
19	flowers.png	Clothes	saccade	1	3	5957	67	0	0	0	604.258	21.5549
19	flowers.png	Clothes	fixation	0	15	6024	233	1083	514	7.14137	0	0
19	flowers.png	Clothes	saccade	1	1	6257	34	0	0	0	209.468	356.168
19	flowers.png	Clothes	fixation	0	14	6291	217	1292	500	10.7197	0	0
19	flowers.png	Clothes	saccade	1	4	6508	83	0	0	0	499.011	108.217
19	flowers.png	Clothes	fixation	0	15	6591	233	1136	974	12.6177	0	0
19	flowers.png	Clothes	saccade	1	1	6824	33	0	0	0	137.084	246.801
19	flowers.png	Clothes	fixation	0	13	6857	200	1082	848	9.12535	0	0
19	flowers.png	Clothes	saccade	1	1	7057	34	0	0	0	450.691	175.036
19	flowers.png	Clothes	fixation	0	13	7091	201	633	887	12.6561	0	0
19	flowers.png	Clothes	saccade	1	2	7292	50	0	0	0	193.311	166.539
19	flowers.png	Clothes	fixation	0	24	7342	390	445	932	5.40796	0	0
19	flowers.png	Clothes	saccade	1	1	7732	34	0	0	0	85.6329	227.366
19	flowers.png	Clothes	fixation	0	7	7766	101	387	869	14.8417	0	0
#	Fixation mean duration:274.2083333333											
#	Fixation mean area:179.5506046527											
#	Saccade mean time:55.9130434783											
#	Saccade mean length:328.5849607672											
#	Saccade mean angle:182.5208560501											
												
20	flowers.png	Clothes	fixation	0	14	16	413	918	491	5.64226	0	0
20	flowers.png	Clothes	saccade	1	1	429	118	0	0	0	218.021	269.212
20	flowers.png	Clothes	fixation	0	9	547	285	915	273	29.0543	0	0
20	flowers.png	Clothes	saccade	1	2	832	100	0	0	0	374.048	180.919
20	flowers.png	Clothes	fixation	0	10	932	287	541	267	7.77358	0	0
20	flowers.png	Clothes	saccade	1	0	1219	33	0	0	0	340.072	1.17945
20	flowers.png	Clothes	fixation	0	4	1252	168	881	274	7.13701	0	0
20	flowers.png	Clothes	saccade	1	2	1420	117	0	0	0	201.487	86.0157
20	flowers.png	Clothes	fixation	0	8	1537	184	895	475	2.18106	0	0
20	flowers.png	Clothes	saccade	1	0	1721	50	0	0	0	146.813	350.987
20	flowers.png	Clothes	fixation	0	12	1771	319	1040	452	7.16382	0	0
20	flowers.png	Clothes	saccade	1	0	2090	17	0	0	0	55.0818	86.8779
20	flowers.png	Clothes	fixation	0	12	2107	334	1043	507	13.9834	0	0
20	flowers.png	Clothes	saccade	1	4	2441	184	0	0	0	582.128	194.729
20	flowers.png	Clothes	fixation	0	11	2625	285	480	359	8.9589	0	0
20	flowers.png	Clothes	saccade	1	1	2910	118	0	0	0	113.283	184.05
20	flowers.png	Clothes	fixation	0	4	3028	100	367	351	5.19525	0	0
20	flowers.png	Clothes	saccade	1	2	3128	68	0	0	0	114.162	18.9111
20	flowers.png	Clothes	fixation	0	11	3196	302	475	388	14.7673	0	0
20	flowers.png	Clothes	saccade	1	1	3498	34	0	0	0	810.238	351.34
20	flowers.png	Clothes	fixation	0	9	3532	217	1276	266	18.5186	0	0
20	flowers.png	Clothes	saccade	1	1	3749	33	0	0	0	196.54	328.736
20	flowers.png	Clothes	fixation	0	9	3782	265	1444	164	23.8109	0	0
20	flowers.png	Clothes	saccade	1	5	4047	315	0	0	0	974.668	176.647
20	flowers.png	Clothes	fixation	0	6	4362	183	471	221	13.6875	0	0
20	flowers.png	Clothes	saccade	1	1	4545	117	0	0	0	457.214	88.2453
20	flowers.png	Clothes	fixation	0	3	4662	134	485	678	1	0	0
20	flowers.png	Clothes	saccade	1	0	4796	50	0	0	0	62.6259	109.592
20	flowers.png	Clothes	fixation	0	5	4846	217	464	737	8.39395	0	0
20	flowers.png	Clothes	saccade	1	3	5063	84	0	0	0	588.615	261.402
20	flowers.png	Clothes	fixation	0	14	5147	300	376	155	11.9863	0	0
20	flowers.png	Clothes	saccade	1	1	5447	50	0	0	0	116.297	242.333
20	flowers.png	Clothes	fixation	0	9	5497	150	322	52	13.3814	0	0
20	flowers.png	Clothes	saccade	1	1	5647	83	0	0	0	272.066	91.2637
20	flowers.png	Clothes	fixation	0	9	5730	250	316	324	10.0603	0	0
20	flowers.png	Clothes	saccade	1	0	5980	100	0	0	0	353.464	69.463
20	flowers.png	Clothes	fixation	0	3	6080	101	440	655	1	0	0
20	flowers.png	Clothes	saccade	1	4	6181	84	0	0	0	684.199	347.508
20	flowers.png	Clothes	fixation	0	10	6265	235	1108	507	20.8136	0	0
20	flowers.png	Clothes	saccade	1	2	6500	84	0	0	0	263.078	314.076
20	flowers.png	Clothes	fixation	0	5	6584	117	1291	318	20.648	0	0
20	flowers.png	Clothes	saccade	1	0	6701	84	0	0	0	245.98	309.06
20	flowers.png	Clothes	fixation	0	6	6785	185	1446	127	4.4371	0	0
20	flowers.png	Clothes	saccade	1	3	6970	82	0	0	0	1008.3	171.042
20	flowers.png	Clothes	fixation	0	11	7052	262	450	284	4.62266	0	0
20	flowers.png	Clothes	saccade	1	0	7314	50	0	0	0	88.2043	183.901
20	flowers.png	Clothes	fixation	0	13	7364	311	362	278	5.20506	0	0
20	flowers.png	Clothes	saccade	1	0	7675	65	0	0	0	117.098	7.85332
20	flowers.png	Clothes	fixation	0	7	7740	201	478	294	10.6334	0	0
#	Fixation mean duration:232.2000000000											
#	Fixation mean area:102.3589834245											
#	Saccade mean time:88.3333333333											
#	Saccade mean length:349.3200540914											
#	Saccade mean angle:184.3893091298											
												
21	flowers.png	Ages	fixation	0	9	173	150	971	485	7.58843	0	0
21	flowers.png	Ages	saccade	1	17	323	301	0	0	0	234.184	257.922
21	flowers.png	Ages	fixation	0	10	624	150	922	256	6.36327	0	0
21	flowers.png	Ages	saccade	1	3	774	67	0	0	0	432.057	168.248
21	flowers.png	Ages	fixation	0	9	841	134	499	344	5.5381	0	0
21	flowers.png	Ages	saccade	1	1	975	34	0	0	0	81.7435	262.266
21	flowers.png	Ages	fixation	0	19	1009	301	488	263	6.09182	0	0
21	flowers.png	Ages	saccade	1	2	1310	51	0	0	0	611.072	20.5999
21	flowers.png	Ages	fixation	0	27	1361	433	1060	478	10.9976	0	0
21	flowers.png	Ages	saccade	1	1	1794	33	0	0	0	280.236	250.401
21	flowers.png	Ages	fixation	0	9	1827	133	966	214	5.4692	0	0
21	flowers.png	Ages	saccade	1	0	1960	16	0	0	0	29.4109	162.181
21	flowers.png	Ages	fixation	0	17	1976	265	938	223	7.26974	0	0
21	flowers.png	Ages	saccade	1	2	2241	50	0	0	0	366.012	0.469627
21	flowers.png	Ages	fixation	0	12	2291	183	1304	226	12.5188	0	0
21	flowers.png	Ages	saccade	1	2	2474	50	0	0	0	366.674	132.347
21	flowers.png	Ages	fixation	0	45	2524	737	1057	497	12.8752	0	0
21	flowers.png	Ages	saccade	1	2	3261	50	0	0	0	611.923	202.584
21	flowers.png	Ages	fixation	0	27	3311	536	492	262	15.6154	0	0
21	flowers.png	Ages	saccade	1	0	3847	17	0	0	0	23.7697	255.379
21	flowers.png	Ages	fixation	0	6	3864	83	486	239	6.3755	0	0
21	flowers.png	Ages	saccade	1	6	3947	117	0	0	0	431.464	357.343
21	flowers.png	Ages	fixation	0	35	4064	567	917	219	19.0347	0	0
21	flowers.png	Ages	saccade	1	1	4631	33	0	0	0	269.032	7.04577
21	flowers.png	Ages	fixation	0	26	4664	417	1184	252	4.20502	0	0
21	flowers.png	Ages	saccade	1	1	5081	33	0	0	0	254.008	180.451
21	flowers.png	Ages	fixation	0	28	5114	451	930	250	13.3658	0	0
21	flowers.png	Ages	saccade	1	11	5565	318	0	0	0	17.4642	256.76
21	flowers.png	Ages	fixation	0	32	5883	519	926	233	10.6647	0	0
21	flowers.png	Ages	saccade	1	3	6402	67	0	0	0	549.351	187.216
21	flowers.png	Ages	fixation	0	40	6469	652	381	164	13.447	0	0
21	flowers.png	Ages	saccade	1	0	7121	16	0	0	0	137.361	42.0492
21	flowers.png	Ages	fixation	0	16	7137	251	483	256	17.495	0	0
21	flowers.png	Ages	saccade	1	2	7388	50	0	0	0	744.361	356.534
21	flowers.png	Ages	fixation	0	10	7438	151	1226	211	6.04733	0	0
21	flowers.png	Ages	saccade	1	0	7589	17	0	0	0	53.0377	135.764
21	flowers.png	Ages	fixation	0	12	7606	183	1188	248	20.7895	0	0
#	Fixation mean duration:331.3684210526											
#	Fixation mean area:112.4482014721											
#	Saccade mean time:73.3333333333											
#	Saccade mean length:305.1755519159											
#	Saccade mean angle:179.7534604994											
												
22	flowers.png	Visitor	fixation	0	23	0	383	938	582	4.51188	0	0
22	flowers.png	Visitor	saccade	1	1	383	33	0	0	0	255.635	265.962
22	flowers.png	Visitor	fixation	0	11	416	167	920	327	12.9619	0	0
22	flowers.png	Visitor	saccade	1	8	583	150	0	0	0	445.136	181.416
22	flowers.png	Visitor	fixation	0	14	733	217	475	316	5.10743	0	0
22	flowers.png	Visitor	saccade	1	0	950	16	0	0	0	113.04	271.521
22	flowers.png	Visitor	fixation	0	7	966	101	478	203	6.57176	0	0
22	flowers.png	Visitor	saccade	1	0	1067	16	0	0	0	4.47214	296.565
22	flowers.png	Visitor	fixation	0	9	1083	134	480	199	1.14334	0	0
22	flowers.png	Visitor	saccade	1	4	1217	83	0	0	0	462.395	354.166
22	flowers.png	Visitor	fixation	0	10	1300	151	940	152	3.4967	0	0
22	flowers.png	Visitor	saccade	1	11	1451	200	0	0	0	457.437	177.494
22	flowers.png	Visitor	fixation	0	10	1651	151	483	172	8.52858	0	0
22	flowers.png	Visitor	saccade	1	2	1802	50	0	0	0	56.8595	66.1398
22	flowers.png	Visitor	fixation	0	11	1852	168	506	224	9.71688	0	0
22	flowers.png	Visitor	saccade	1	4	2020	83	0	0	0	179.011	217.51
22	flowers.png	Visitor	fixation	0	9	2103	134	364	115	3.63707	0	0
22	flowers.png	Visitor	saccade	1	2	2237	51	0	0	0	811.451	30.104
22	flowers.png	Visitor	fixation	0	10	2288	150	1066	522	3.84156	0	0
22	flowers.png	Visitor	saccade	1	2	2438	50	0	0	0	54.3323	263.66
22	flowers.png	Visitor	fixation	0	9	2488	133	1060	468	5.50533	0	0
22	flowers.png	Visitor	saccade	1	1	2621	34	0	0	0	481.798	321.489
22	flowers.png	Visitor	fixation	0	22	2655	350	1437	168	3.68773	0	0
22	flowers.png	Visitor	saccade	1	6	3005	117	0	0	0	1010.29	181.361
22	flowers.png	Visitor	fixation	0	16	3122	249	427	144	10.3117	0	0
22	flowers.png	Visitor	saccade	1	4	3371	84	0	0	0	132.966	46.2189
22	flowers.png	Visitor	fixation	0	19	3455	299	519	240	2.98308	0	0
22	flowers.png	Visitor	saccade	1	3	3754	66	0	0	0	62.2415	226.302
22	flowers.png	Visitor	fixation	0	8	3820	116	476	195	6.77132	0	0
22	flowers.png	Visitor	saccade	1	4	3936	83	0	0	0	80.9506	27.1981
22	flowers.png	Visitor	fixation	0	27	4019	434	548	232	12.0854	0	0
22	flowers.png	Visitor	saccade	1	1	4453	34	0	0	0	447.756	356.671
22	flowers.png	Visitor	fixation	0	37	4487	610	995	206	7.32569	0	0
22	flowers.png	Visitor	saccade	1	2	5097	51	0	0	0	479.07	356.17
22	flowers.png	Visitor	fixation	0	9	5148	137	1473	174	7.60414	0	0
22	flowers.png	Visitor	saccade	1	3	5285	223	0	0	0	656.479	175.019
22	flowers.png	Visitor	fixation	0	22	5508	357	819	231	8.42368	0	0
22	flowers.png	Visitor	saccade	1	3	5865	67	0	0	0	366.493	182.972
22	flowers.png	Visitor	fixation	0	10	5932	150	453	212	6.69655	0	0
22	flowers.png	Visitor	saccade	1	3	6082	67	0	0	0	72.111	19.44
22	flowers.png	Visitor	fixation	0	17	6149	266	521	236	6.74296	0	0
22	flowers.png	Visitor	saccade	1	2	6415	50	0	0	0	195.412	52.4851
22	flowers.png	Visitor	fixation	0	23	6465	365	640	391	3.93155	0	0
22	flowers.png	Visitor	saccade	1	3	6830	66	0	0	0	124.085	203.259
22	flowers.png	Visitor	fixation	0	34	6896	547	526	342	7.20665	0	0
22	flowers.png	Visitor	saccade	1	2	7443	50	0	0	0	105.043	358.364
22	flowers.png	Visitor	fixation	0	11	7493	167	631	339	6.10975	0	0
22	flowers.png	Visitor	saccade	1	3	7660	67	0	0	0	340.755	338.48
22	flowers.png	Visitor	fixation	0	10	7727	150	948	214	4.70765	0	0
#	Fixation mean duration:243.4400000000											
#	Fixation mean area:36.2666871672											
#	Saccade mean time:74.6250000000											
#	Saccade mean length:308.1338871817											
#	Saccade mean angle:207.0819915180											
												
23	flowers.png	Clothes	fixation	0	17	0	266	959	503	1.65403	0	0
23	flowers.png	Clothes	saccade	1	3	266	67	0	0	0	90.8735	204.027
23	flowers.png	Clothes	fixation	0	10	333	167	876	466	9.95008	0	0
23	flowers.png	Clothes	saccade	1	2	500	50	0	0	0	149.907	283.109
23	flowers.png	Clothes	fixation	0	7	550	100	910	320	5.99028	0	0
23	flowers.png	Clothes	saccade	1	3	650	67	0	0	0	369.087	181.242
23	flowers.png	Clothes	fixation	0	10	717	150	541	312	6.48939	0	0
23	flowers.png	Clothes	saccade	1	6	867	117	0	0	0	114	90
23	flowers.png	Clothes	fixation	0	9	984	134	541	426	3.63796	0	0
23	flowers.png	Clothes	saccade	1	2	1118	50	0	0	0	104.924	100.989
23	flowers.png	Clothes	fixation	0	14	1168	217	521	529	6.65625	0	0
23	flowers.png	Clothes	saccade	1	10	1385	183	0	0	0	425.987	344.757
23	flowers.png	Clothes	fixation	0	20	1568	318	932	417	5.3539	0	0
23	flowers.png	Clothes	saccade	1	3	1886	66	0	0	0	68.0074	89.1575
23	flowers.png	Clothes	fixation	0	6	1952	84	933	485	6.31557	0	0
23	flowers.png	Clothes	saccade	1	1	2036	33	0	0	0	163.23	7.03794
23	flowers.png	Clothes	fixation	0	12	2069	184	1095	505	3.74576	0	0
23	flowers.png	Clothes	saccade	1	5	2253	100	0	0	0	108.268	68.8865
23	flowers.png	Clothes	fixation	0	8	2353	117	1134	606	3.82799	0	0
23	flowers.png	Clothes	saccade	1	2	2470	50	0	0	0	251.796	332.824
23	flowers.png	Clothes	fixation	0	16	2520	252	1358	491	6.14557	0	0
23	flowers.png	Clothes	saccade	1	3	2772	68	0	0	0	236.907	299.595
23	flowers.png	Clothes	fixation	0	44	2840	722	1475	285	11.0096	0	0
23	flowers.png	Clothes	saccade	1	4	3562	83	0	0	0	661.4	143.113
23	flowers.png	Clothes	fixation	0	6	3645	83	946	682	3.98409	0	0
23	flowers.png	Clothes	saccade	1	2	3728	50	0	0	0	248.407	9.50024
23	flowers.png	Clothes	fixation	0	7	3778	99	1191	723	5.7244	0	0
23	flowers.png	Clothes	saccade	1	2	3877	50	0	0	0	218.552	326.383
23	flowers.png	Clothes	fixation	0	27	3927	431	1373	602	3.39911	0	0
23	flowers.png	Clothes	saccade	1	3	4358	66	0	0	0	378.112	130.388
23	flowers.png	Clothes	fixation	0	24	4424	383	1128	890	8.74019	0	0
23	flowers.png	Clothes	saccade	1	4	4807	84	0	0	0	660.794	221.749
23	flowers.png	Clothes	fixation	0	13	4891	200	635	450	4.64106	0	0
23	flowers.png	Clothes	saccade	1	1	5091	33	0	0	0	148.933	193.197
23	flowers.png	Clothes	fixation	0	14	5124	217	490	416	11.415	0	0
23	flowers.png	Clothes	saccade	1	5	5341	100	0	0	0	85.1469	130.236
23	flowers.png	Clothes	fixation	0	12	5441	184	435	481	8.11914	0	0
23	flowers.png	Clothes	saccade	1	3	5625	67	0	0	0	130.729	50.5873
23	flowers.png	Clothes	fixation	0	9	5692	134	518	582	8.4557	0	0
23	flowers.png	Clothes	saccade	1	2	5826	50	0	0	0	297.741	102.216
23	flowers.png	Clothes	fixation	0	10	5876	150	455	873	4.50231	0	0
23	flowers.png	Clothes	saccade	1	2	6026	50	0	0	0	333.062	6.37819
23	flowers.png	Clothes	fixation	0	6	6076	84	786	910	8.42022	0	0
23	flowers.png	Clothes	saccade	1	1	6160	33	0	0	0	402.548	297.52
23	flowers.png	Clothes	fixation	0	20	6193	318	972	553	5.59636	0	0
23	flowers.png	Clothes	saccade	1	0	6511	17	0	0	0	131.137	2.6224
23	flowers.png	Clothes	fixation	0	29	6528	469	1103	559	5.22088	0	0
23	flowers.png	Clothes	saccade	1	2	6997	49	0	0	0	219.968	214.629
23	flowers.png	Clothes	fixation	0	56	7046	919	922	434	5.1438	0	0
#	Fixation mean duration:255.2800000000											
#	Fixation mean area:38.3470158181											
#	Saccade mean time:65.9583333333											
#	Saccade mean length:249.9798656462											
#	Saccade mean angle:159.5892972757											
												
subject11	flowers.png	Ages	fixation	0	25	18	444	964	281	12.0607	0	0
subject11	flowers.png	Ages	saccade	1	1	462	36	0	0	0	85.7263	253.045
subject11	flowers.png	Ages	fixation	0	28	498	459	939	199	9.56842	0	0
subject11	flowers.png	Ages	saccade	1	3	957	67	0	0	0	453.319	177.851
subject11	flowers.png	Ages	fixation	0	15	1024	231	486	216	4.8574	0	0
subject11	flowers.png	Ages	saccade	1	3	1255	66	0	0	0	752.798	356.039
subject11	flowers.png	Ages	fixation	0	12	1321	182	1237	164	8.13508	0	0
subject11	flowers.png	Ages	saccade	1	0	1503	17	0	0	0	49.0918	176.497
subject11	flowers.png	Ages	fixation	0	42	1520	685	1188	167	13.0902	0	0
subject11	flowers.png	Ages	saccade	1	0	2205	16	0	0	0	12.53	208.611
subject11	flowers.png	Ages	fixation	0	15	2221	235	1177	161	6.4371	0	0
subject11	flowers.png	Ages	saccade	1	2	2456	51	0	0	0	94.0319	327.155
subject11	flowers.png	Ages	fixation	0	29	2507	468	1256	110	10.8295	0	0
subject11	flowers.png	Ages	saccade	1	3	2975	66	0	0	0	390.519	68.3621
subject11	flowers.png	Ages	fixation	0	22	3041	347	1400	473	3.81944	0	0
subject11	flowers.png	Ages	saccade	1	9	3388	166	0	0	0	443.424	246.615
subject11	flowers.png	Ages	fixation	0	17	3554	265	1224	66	6.18247	0	0
subject11	flowers.png	Ages	saccade	1	9	3819	169	0	0	0	126.063	91.8183
subject11	flowers.png	Ages	fixation	0	11	3988	169	1220	192	3.29417	0	0
subject11	flowers.png	Ages	saccade	1	7	4157	135	0	0	0	287.934	188.186
subject11	flowers.png	Ages	fixation	0	43	4292	705	935	151	13.8924	0	0
subject11	flowers.png	Ages	saccade	1	0	4997	16	0	0	0	19.4165	11.8887
subject11	flowers.png	Ages	fixation	0	15	5013	232	954	155	7.76692	0	0
subject11	flowers.png	Ages	saccade	1	3	5245	66	0	0	0	420.747	173.449
subject11	flowers.png	Ages	fixation	0	19	5311	299	536	203	8.21738	0	0
subject11	flowers.png	Ages	saccade	1	2	5610	49	0	0	0	594.798	26.3497
subject11	flowers.png	Ages	fixation	0	48	5659	784	1069	467	6.42639	0	0
subject11	flowers.png	Ages	saccade	1	8	6443	151	0	0	0	576.32	203.629
subject11	flowers.png	Ages	fixation	0	45	6594	737	541	236	23.761	0	0
subject11	flowers.png	Ages	saccade	1	3	7331	66	0	0	0	234.079	224.135
subject11	flowers.png	Ages	fixation	0	32	7397	516	373	73	21.5026	0	0
#	Fixation mean duration:422.3750000000											
#	Fixation mean area:112.6988863602											
#	Saccade mean time:75.8000000000											
#	Saccade mean length:302.7198983275											
#	Saccade mean angle:182.2420356128											
